,上证指数,沪深300,中证1000,纳斯达克综指,标普500,联邦基金利率,美联储总资产,美债10Y,广义美元指数
2005-12-31,1161.057,923.45,842.736,2205.32,,4.16,847700.0,4.39,
2006-01-31,1258.046,1009.6,887.718,2305.82,,4.29,828901.0,4.53,99.4311
2006-02-28,1299.03,1053.01,929.381,2281.39,,4.49,840555.0,4.55,99.7695
2006-03-31,1298.295,1061.09,923.189,2339.79,,4.59,833675.0,4.86,100.56
2006-04-30,1440.223,1172.35,965.291,2322.57,,4.79,844572.0,5.07,98.1412
2006-05-31,1641.3,1365.45,1224.025,2178.88,,4.94,851580.0,5.12,97.7705
2006-06-30,1672.211,1393.96,1336.66,2172.09,,4.99,844436.0,5.15,98.2483
2006-07-31,1612.733,1294.33,1309.657,2091.47,,5.24,841552.0,4.99,97.9996
2006-08-31,1658.638,1338.69,1336.311,2183.75,,5.25,850925.0,4.74,97.644
2006-09-30,1752.424,1403.27,1411.509,2258.43,,5.25,849971.0,4.64,98.1054
2006-10-31,1837.993,1464.47,1396.959,2366.71,,5.25,852648.0,4.61,97.3901
2006-11-30,2099.289,1714.36,1421.484,2431.77,,5.25,856671.0,4.46,96.5779
2006-12-31,2675.474,2041.05,1485.099,2415.29,,5.24,869988.0,4.71,97.0312
2007-01-31,2786.335,2385.34,1830.289,2463.93,,5.25,865730.0,4.83,97.964
2007-02-28,2881.073,2544.57,2199.827,2416.15,,5.26,877409.0,4.56,97.2386
2007-03-31,3183.983,2781.78,2731.185,2421.64,,5.26,869803.0,4.65,96.3183
2007-04-30,3841.272,3558.71,3654.965,2525.09,,5.25,879686.0,4.63,94.8365
2007-05-31,4109.654,3927.95,3894.678,2604.52,,5.25,876986.0,4.9,94.3215
2007-06-30,3820.703,3764.08,3152.37,2603.23,,5.25,865105.0,5.03,94.1393
2007-07-31,4471.032,4460.56,4005.344,2546.27,,5.26,863890.0,4.78,93.4264
2007-08-31,5218.825,5296.81,4515.24,2596.36,,5.02,872873.0,4.54,93.6674
2007-09-30,5552.301,5580.81,4582.44,2701.5,,4.94,889900.0,4.59,90.9446
2007-10-31,5954.765,5688.54,4009.746,2859.12,,4.76,883385.0,4.48,89.1389
2007-11-30,4871.778,4737.41,3733.479,2660.96,,4.49,879417.0,3.97,89.6212
2007-12-31,5261.563,5338.28,4493.415,2652.28,,4.24,890662.0,4.04,89.6304
2008-01-31,4383.393,4620.4,4215.108,2389.86,,3.94,900264.0,3.67,88.6547
2008-02-29,4348.543,4674.55,4646.539,2271.48,,2.98,893825.0,3.53,87.1654
2008-03-31,3472.713,3790.53,3861.596,2279.1,,2.61,893965.0,3.45,86.6881
2008-04-30,3693.106,3959.12,3584.346,2412.8,,2.28,888131.0,3.77,86.8907
2008-05-31,3433.354,3611.33,3506.841,2522.66,,1.98,904054.0,4.06,86.5504
2008-06-30,2736.103,2791.82,2579.613,2292.98,,2.0,892713.0,3.99,86.7621
2008-07-31,2775.717,2805.21,2834.099,2325.55,,2.01,918625.0,3.99,86.8567
2008-08-31,2397.369,2391.64,2105.882,2367.52,,2.0,909982.0,3.83,90.0567
2008-09-30,2293.784,2243.66,1917.374,2091.88,,1.81,1211825.0,3.85,92.3773
2008-10-31,1728.786,1663.66,1406.758,1720.95,,0.97,1969086.0,4.01,99.7662
2008-11-30,1871.156,1829.92,1719.43,1535.57,,0.39,2106117.0,2.93,101.6468
2008-12-31,1820.805,1817.72,1830.823,1577.03,,0.16,2239457.0,2.25,98.6518
2009-01-31,1990.657,2032.68,2122.348,1476.42,,0.15,1927082.0,2.87,102.1169
2009-02-28,2082.852,2140.49,2302.017,1377.84,,0.22,1916115.0,3.02,104.9284
2009-03-31,2373.213,2507.79,2814.169,1528.59,,0.18,2071556.0,2.71,102.3761
2009-04-30,2477.569,2622.93,2971.896,1717.3,,0.15,2066712.0,3.16,100.1042
2009-05-31,2632.93,2759.71,3179.668,1774.33,,0.18,2080115.0,3.47,95.268
2009-06-30,2959.362,3166.47,3335.098,1835.04,,0.21,2025571.0,3.53,96.3761
2009-07-31,3412.062,3734.62,3771.171,1978.5,,0.16,2000547.0,3.52,94.2526
2009-08-31,2667.745,2830.27,3163.168,2009.06,,0.16,2074902.0,3.4,94.6202
2009-09-30,2779.426,3004.81,3250.403,2122.42,,0.15,2141020.0,3.31,93.1907
2009-10-31,2995.848,3280.37,3665.991,2045.11,,0.12,2161537.0,3.41,92.6207
2009-11-30,3195.301,3511.67,4264.053,2144.6,,0.12,2206359.0,3.21,91.3717
2009-12-31,3277.139,3575.68,4391.281,2269.15,,0.12,2234067.0,3.85,92.9124
2010-01-31,2989.292,3204.16,4290.323,2147.35,1073.87,0.11,2246886.0,3.63,93.7638
2010-02-28,3051.943,3281.67,4653.344,2238.26,1104.49,0.13,2286127.0,3.61,93.6602
2010-03-31,3109.105,3345.61,4822.084,2397.96,1169.43,0.16,2307150.0,3.84,92.8987
2010-04-30,2870.611,3067.37,4527.758,2461.19,1186.69,0.2,2330472.0,3.69,92.8423
2010-05-31,2592.147,2773.26,4149.964,2257.04,1089.41,0.2,2334041.0,3.31,96.3062
2010-06-30,2398.37,2563.07,3732.652,2109.24,1030.71,0.18,2330851.0,2.97,95.9934
2010-07-31,2637.503,2868.85,4299.045,2254.7,1101.6,0.18,2325298.0,2.94,93.2793
2010-08-31,2638.798,2903.19,4755.854,2114.03,1049.33,0.19,2301015.0,2.47,94.7204
2010-09-30,2655.658,2935.57,4785.49,2368.62,1141.2,0.19,2298691.0,2.53,91.3415
2010-10-31,2978.835,3379.98,5211.524,2507.41,1183.26,0.19,2295392.0,2.63,90.0935
2010-11-30,2820.181,3136.99,5294.698,2498.23,1180.55,0.19,2346001.0,2.81,92.1494
2010-12-31,2808.077,3128.26,5155.555,2652.87,1257.64,0.18,2420570.0,3.3,90.5146
2011-01-31,2790.694,3076.51,4816.663,2700.08,1286.12,0.17,2443527.0,3.42,89.694
2011-02-28,2905.053,3239.56,5347.299,2782.27,1327.22,0.16,2533221.0,3.42,88.9391
2011-03-31,2928.111,3223.29,5285.193,2781.07,1325.83,0.14,2622523.0,3.47,88.0299
2011-04-30,2911.511,3192.72,5027.552,2873.54,1363.61,0.1,2690985.0,3.32,85.5999
2011-05-31,2743.472,3001.56,4661.693,2835.3,1345.2,0.09,2774996.0,3.05,86.656
2011-06-30,2762.076,3044.09,4872.268,2773.52,1320.64,0.09,2865251.0,3.18,86.4786
2011-07-31,2701.729,2972.08,4963.417,2756.38,1292.28,0.07,2863576.0,2.82,85.7282
2011-08-31,2567.34,2846.78,4798.727,2579.46,1218.89,0.1,2853888.0,2.23,86.7739
2011-09-30,2359.22,2581.35,4174.447,2415.4,1131.42,0.08,2850921.0,1.92,91.9998
2011-10-31,2468.25,2695.31,4350.134,2684.41,1253.3,0.07,2845685.0,2.17,89.2053
2011-11-30,2333.414,2521.52,4164.115,2620.34,1246.96,0.08,2814235.0,2.08,91.4728
2011-12-31,2199.417,2345.74,3456.287,2605.15,1257.6,0.07,2926095.0,1.89,92.4262
2012-01-31,2292.61,2464.26,3406.675,2813.84,1312.41,0.08,2919545.0,1.83,90.5538
2012-02-29,2428.487,2634.14,3858.542,2966.89,1365.68,0.1,2925722.0,1.98,89.7487
2012-03-31,2262.788,2454.9,3560.485,3091.57,1408.47,0.13,2878137.0,2.23,90.4593
2012-04-30,2396.316,2626.16,3837.878,3046.36,1397.91,0.14,2866561.0,1.95,90.3634
2012-05-31,2372.234,2632.04,3898.591,2827.34,1310.33,0.16,2842654.0,1.59,94.6856
2012-06-30,2225.431,2461.61,3610.25,2935.05,1362.16,0.16,2863547.0,1.67,92.9096
2012-07-31,2103.634,2332.92,3272.056,2939.52,1379.32,0.16,2846757.0,1.51,92.8422
2012-08-31,2047.522,2204.87,3354.8,3066.97,1406.58,0.13,2812806.0,1.57,92.1677
2012-09-30,2086.169,2293.11,3359.216,3116.23,1440.67,0.14,2804457.0,1.65,90.8342
2012-10-31,2068.88,2254.82,3342.922,2977.23,1412.16,0.16,2823137.0,1.72,91.1609
2012-11-30,1980.117,2139.66,2930.446,3010.24,1416.18,0.16,2851362.0,1.62,91.1038
2012-12-31,2269.128,2522.95,3406.804,3019.51,1426.19,0.16,2907300.0,1.78,91.0834
2013-01-31,2385.422,2686.88,3639.191,3142.13,1498.11,0.14,3008704.0,2.02,90.798
2013-02-28,2365.593,2673.33,3815.719,3160.19,1514.68,0.15,3090600.0,1.89,92.295
2013-03-31,2236.621,2495.08,3712.22,3267.52,1569.19,0.14,3202256.0,1.87,92.302
2013-04-30,2177.912,2447.31,3627.497,3328.79,1597.57,0.15,3318649.0,1.7,91.3741
2013-05-31,2300.595,2606.43,4210.967,3455.91,1630.74,0.11,3385128.0,2.16,93.6076
2013-06-30,1979.206,2200.64,3602.107,3403.25,1606.28,0.09,3478672.0,2.52,94.3047
2013-07-31,1993.799,2193.02,3900.485,3626.37,1685.73,0.09,3571797.0,2.6,93.5703
2013-08-31,2098.382,2313.91,4181.742,3589.87,1632.97,0.08,3644456.0,2.78,94.7541
2013-09-30,2174.665,2409.04,4470.446,3771.48,1681.55,0.08,3734018.0,2.64,92.9207
2013-10-31,2141.614,2373.72,4270.97,3919.71,1756.54,0.09,3843396.0,2.57,92.731
2013-11-30,2220.504,2438.94,4643.3,4059.89,1805.81,0.08,3925876.0,2.75,93.6291
2013-12-31,2115.978,2330.03,4482.861,4176.59,1848.36,0.09,4032575.0,3.04,93.5576
2014-01-31,2033.083,2202.45,4714.679,4103.88,1782.59,0.07,4102138.0,2.67,95.1774
2014-02-28,2056.302,2178.97,4842.524,4308.12,1859.45,0.07,4159972.0,2.66,94.3879
2014-03-31,2033.306,2146.31,4633.27,4198.99,1872.34,0.08,4226971.0,2.73,94.2432
2014-04-30,2026.358,2158.66,4525.306,4114.56,1883.95,0.09,4296049.0,2.67,93.8896
2014-05-31,2039.212,2156.46,4648.233,4242.62,1923.57,0.09,4322654.0,2.48,93.7606
2014-06-30,2048.327,2165.12,4884.397,4408.18,1960.23,0.1,4368348.0,2.53,93.2058
2014-07-31,2201.562,2350.25,5115.578,4369.77,1930.67,0.09,4406637.0,2.58,94.4467
2014-08-31,2217.2,2338.29,5421.286,4580.27,2003.37,0.09,4413736.0,2.35,94.7251
2014-09-30,2363.87,2450.99,6127.134,4493.39,1972.29,0.09,4459050.0,2.52,97.5261
2014-10-31,2420.18,2508.33,6208.61,4630.74,2018.05,0.09,4486754.0,2.35,98.1163
2014-11-30,2682.84,2808.82,6478.11,4791.63,2067.56,0.09,4485931.0,2.18,100.0719
2014-12-31,3234.68,3533.71,6027.52,4736.05,2058.9,0.12,4497660.0,2.17,102.2843
2015-01-31,3210.363,3434.39,6546.597,4635.24,1994.99,0.11,4500064.0,1.68,105.5884
2015-02-28,3310.303,3572.84,7141.888,4963.53,2104.5,0.11,4486725.0,2.0,105.5981
2015-03-31,3747.899,4051.2,8780.739,4900.89,2067.89,0.11,4480603.0,1.94,107.4396
2015-04-30,4441.655,4749.89,10180.49,4941.42,2085.51,0.12,4471499.0,2.05,105.312
2015-05-31,4611.744,4840.83,13027.21,5070.03,2107.39,0.12,4463981.0,2.12,106.7388
2015-06-30,4277.222,4472.998,11381.473,4986.87,2063.11,0.13,4495055.0,2.35,106.5191
2015-07-31,3663.726,3816.699,9223.636,5128.28,2103.84,0.13,4485480.0,2.2,108.7819
2015-08-31,3205.986,3366.536,7950.459,4776.51,1972.18,0.14,4475105.0,2.21,110.5621
2015-09-30,3052.781,3202.948,7727.509,4620.17,1920.03,0.14,4484111.0,2.06,111.3311
2015-10-31,3382.561,3534.079,9188.266,5053.75,2079.36,0.12,4489339.0,2.16,110.2079
2015-11-30,3445.405,3566.412,10001.188,5108.67,2080.41,0.12,4477088.0,2.21,112.34
2015-12-31,3539.182,3731.005,10614.379,5007.41,2043.94,0.24,4486587.0,2.27,113.3429
2016-01-31,2737.6,2946.09,7385.759,4613.95,1940.24,0.34,4482349.0,1.94,115.5731
2016-02-29,2687.979,2877.467,7183.676,4557.95,1932.23,0.38,4489796.0,1.74,114.2418
2016-03-31,3003.915,3218.088,8447.179,4869.85,2059.74,0.36,4482840.0,1.78,109.9191
2016-04-30,2938.324,3156.745,8291.699,4775.36,2065.3,0.37,4474665.0,1.83,108.8274
2016-05-31,2916.616,3169.56,8197.557,4948.06,2096.96,0.37,4461111.0,1.84,112.4276
2016-06-30,2929.606,3153.921,8741.099,4842.67,2098.86,0.38,4466482.0,1.49,112.1618
2016-07-31,2979.339,3203.93,8501.09,5162.13,2173.6,0.39,4464498.0,1.46,111.874
2016-08-31,3085.491,3327.794,8838.38,5213.22,2170.95,0.4,4457907.0,1.58,112.4036
2016-09-30,3004.703,3253.285,8661.019,5312.0,2168.27,0.4,4452002.0,1.6,112.2795
2016-10-31,3100.492,3336.278,8910.508,5189.14,2126.15,0.4,4454326.0,1.84,114.0188
2016-11-30,3250.034,3538.001,9014.913,5323.68,2198.81,0.41,4446307.0,2.37,117.7636
2016-12-31,3103.637,3310.081,8490.861,5383.12,2238.83,0.54,4451451.0,2.45,118.3466
2017-01-31,3159.166,3387.961,8205.871,5614.79,2278.87,0.65,4452838.0,2.45,116.2241
2017-02-28,3241.733,3452.81,8508.086,5825.44,2363.64,0.66,4468702.0,2.36,116.0032
2017-03-31,3222.514,3456.046,8339.146,5911.74,2362.72,0.79,4469618.0,2.4,114.7938
2017-04-30,3154.658,3439.753,7842.082,6047.61,2384.2,0.9,4470142.0,2.29,114.7877
2017-05-31,3117.178,3492.885,7212.696,6198.52,2411.8,0.91,4459914.0,2.21,113.2956
2017-06-30,3192.427,3666.798,7465.762,6140.42,2423.41,1.04,4463347.0,2.31,111.9896
2017-07-31,3273.028,3737.873,7444.957,6348.12,2470.3,1.15,4465284.0,2.3,109.8177
2017-08-31,3360.81,3822.093,7679.871,6428.66,2471.65,1.16,4452360.0,2.12,109.3686
2017-09-30,3348.943,3836.501,7842.586,6495.96,2519.36,1.15,4455661.0,2.33,110.0867
2017-10-31,3393.342,4006.718,7631.533,6727.67,2575.26,1.15,4461117.0,2.38,111.8052
2017-11-30,3317.188,4006.099,7153.573,6873.97,2647.58,1.16,4438592.0,2.42,110.4648
2017-12-31,3307.172,4030.855,7017.351,6903.39,2673.61,1.3,4448680.0,2.4,110.0783
2018-01-31,3480.833,4275.899,6791.009,7411.48,2823.81,1.41,4419225.0,2.72,106.7696
2018-02-28,3259.408,4023.642,6563.808,7273.01,2713.83,1.42,4393401.0,2.87,108.3903
2018-03-31,3168.897,3898.498,6798.668,7063.44,2640.87,1.51,4392198.0,2.74,107.4784
2018-04-30,3082.232,3756.877,6517.054,7066.27,2648.05,1.69,4372886.0,2.95,109.3363
2018-05-31,3095.474,3802.376,6315.172,7442.12,2705.27,1.7,4327519.0,2.83,111.9894
2018-06-30,2847.418,3510.985,5608.536,7510.3,2718.37,1.82,4305491.0,2.85,113.2586
2018-07-31,2876.401,3517.657,5542.543,7671.79,2816.29,1.91,4277681.0,2.96,112.7299
2018-08-31,2725.25,3334.504,5057.985,8109.54,2901.52,1.91,4218914.0,2.86,114.2755
2018-09-30,2821.35,3438.865,4987.273,8046.35,2913.98,1.95,4192909.0,3.05,113.8077
2018-10-31,2602.783,3153.823,4400.613,7305.9,2711.74,2.19,4139731.0,3.15,116.5281
2018-11-30,2588.188,3172.69,4648.184,7330.54,2760.17,2.2,4097170.0,3.01,116.413
2018-12-31,2493.896,3010.654,4430.024,6635.28,2506.85,2.27,4075636.0,2.69,115.5674
2019-01-31,2584.572,3201.633,4355.736,7281.74,2704.1,2.4,4039678.0,2.63,113.5504
2019-02-28,2940.954,3669.37,5330.339,7532.53,2784.49,2.4,3974590.0,2.73,114.1991
2019-03-31,3090.758,3872.341,5911.212,7729.32,2834.4,2.41,3955617.0,2.41,115.1371
2019-04-30,3078.339,3913.211,5682.236,8095.39,2945.83,2.42,3928273.0,2.51,115.3281
2019-05-31,2898.696,3629.789,5334.248,7453.15,2752.06,2.39,3851444.0,2.14,116.7273
2019-06-30,2978.878,3825.587,5321.433,8006.24,2941.76,2.38,3826817.0,2.0,114.5821
2019-07-31,2932.506,3835.359,5200.095,8175.42,2980.38,2.4,3779102.0,2.02,115.4946
2019-08-31,2886.237,3799.586,5182.956,7962.88,2926.46,2.13,3759946.0,1.5,118.1575
2019-09-30,2905.189,3814.528,5232.387,7999.34,2976.74,2.04,3857715.0,1.68,117.9461
2019-10-31,2929.056,3886.752,5253.881,8292.36,3037.56,1.83,4019823.0,1.69,115.9125
2019-11-30,2871.981,3828.671,5126.615,8665.47,3140.98,1.55,4052875.0,1.78,117.1204
2019-12-31,3050.124,4096.582,5567.033,8972.6,3230.78,1.55,4165591.0,1.92,114.669
2020-01-31,2976.528,4003.901,5699.008,9150.94,3225.52,1.55,4151630.0,1.51,115.7345
2020-02-29,2880.304,3940.049,5870.966,8567.37,2954.22,1.58,4158637.0,1.13,117.6568
2020-03-31,2750.296,3686.155,5427.132,7700.1,2584.59,0.65,5254278.0,0.7,122.5301
2020-04-30,2860.082,3912.577,5678.166,8889.55,2912.43,0.05,6655929.0,0.64,122.327
2020-05-31,2852.351,3867.023,5816.4,9489.87,3044.31,0.05,7097316.0,0.65,120.9458
2020-06-30,2984.674,4163.964,6319.556,10058.77,3100.29,0.08,7082302.0,0.66,120.4649
2020-07-31,3310.007,4695.046,7141.592,10745.27,3271.12,0.09,6949032.0,0.55,117.2082
2020-08-31,3395.678,4816.215,7224.046,11775.46,3500.31,0.1,6990418.0,0.72,115.7586
2020-09-30,3218.052,4587.395,6617.159,11167.51,3363.0,0.09,7056129.0,0.69,116.946
2020-10-31,3224.533,4695.334,6511.158,10911.59,3269.96,0.09,7146306.0,0.88,116.1354
2020-11-30,3391.755,4960.252,6622.359,12198.74,3621.63,0.09,7216480.0,0.84,113.2256
2020-12-31,3473.069,5211.289,6646.474,12888.28,3756.07,0.09,7363351.0,0.93,111.3169
2021-01-31,3483.069,5351.965,6304.118,13070.69,3714.24,0.09,7404926.0,1.11,111.9511
2021-02-28,3509.08,5336.761,6325.405,13192.35,3811.15,0.08,7590111.0,1.44,112.8306
2021-03-31,3441.912,5048.361,6293.392,13246.87,3972.89,0.07,7688988.0,1.74,113.8234
2021-04-30,3446.856,5123.489,6382.136,13962.68,4181.17,0.07,7780962.0,1.65,112.0839
2021-05-31,3615.477,5331.57,6814.363,13748.74,4204.11,0.06,7903541.0,1.58,110.7576
2021-06-30,3591.197,5224.041,7083.7,14503.95,4297.5,0.08,8078544.0,1.45,112.5533
2021-07-31,3397.357,4811.17,7262.383,14672.68,4395.26,0.1,8221473.0,1.24,112.6714
2021-08-31,3543.94,4805.61,7728.422,15259.24,4522.68,0.09,8332743.0,1.3,113.1076
2021-09-30,3568.167,4866.383,7405.462,14448.58,4307.54,0.08,8447981.0,1.52,114.6403
2021-10-31,3547.336,4908.77,7385.305,15498.39,4605.38,0.08,8556181.0,1.55,114.1349
2021-11-30,3563.887,4832.026,8054.29,15537.69,4567.0,0.08,8681771.0,1.43,116.2071
2021-12-31,3639.775,4940.373,8010.324,15644.97,4766.18,0.08,8757460.0,1.52,115.283
2022-01-31,3361.4397,4563.772,6973.0104,14239.88,4515.55,0.08,8860485.0,1.79,115.566
2022-02-28,3462.3064,4581.6459,7419.8306,13751.4,4373.94,0.08,8928129.0,1.83,115.2224
2022-03-31,3252.2029,4222.5968,6772.0652,14220.52,4530.41,0.2,8937142.0,2.32,115.2218
2022-04-30,3047.0624,4016.241,5734.4931,12334.64,4131.93,0.33,8939199.0,2.89,119.4933
2022-05-31,3186.4271,4091.5176,6353.3468,12081.39,4132.15,0.77,8914281.0,2.85,118.0704
2022-06-30,3398.6161,4485.0108,6995.5297,11028.74,3785.38,1.21,8913553.0,2.98,120.9652
2022-07-31,3253.2382,4170.1019,7117.4341,12390.69,4130.29,1.68,8890004.0,2.67,121.7678
2022-08-31,3202.1378,4078.8402,6750.7429,11816.2,3955.0,2.33,8826093.0,3.15,123.535
2022-09-30,3024.3905,3804.8853,6124.8639,10575.62,3585.62,2.56,8795567.0,3.83,127.5148
2022-10-31,2893.4829,3508.7034,6292.6191,10988.15,3871.98,3.08,8723090.0,4.1,127.6219
2022-11-30,3151.3353,3853.0365,6590.3067,11468.0,4080.11,3.78,8584576.0,3.68,123.5175
2022-12-31,3089.2579,3871.6338,6281.6209,10466.48,3839.5,4.1,8551169.0,3.88,121.4256
2023-01-31,3255.6692,4156.8578,6805.2756,11584.55,4076.6,4.33,8470557.0,3.52,118.9802
2023-02-28,3279.6053,4069.4587,6955.5737,11455.54,3970.15,4.57,8382190.0,3.92,121.3341
2023-03-31,3272.8602,4050.9257,6875.8083,12221.91,4109.31,4.65,8705942.0,3.48,119.3602
2023-04-30,3323.2746,4029.0858,6723.3045,12226.58,4169.48,4.83,8562768.0,3.44,119.2248
2023-05-31,3204.5644,3798.5434,6561.6487,12935.29,4179.83,5.06,8385854.0,3.64,120.9662
2023-06-30,3202.0623,3842.4516,6602.0372,13787.92,4450.38,5.08,8340914.0,3.81,119.3606
2023-07-31,3291.0398,4014.6301,6515.8486,14346.02,4588.96,5.12,8243344.0,3.97,117.8241
2023-08-31,3119.8764,3765.2678,6104.2953,14034.97,4507.66,5.33,8121316.0,4.09,120.225
2023-09-30,3110.4753,3689.5172,6078.9449,13219.32,4288.05,5.33,8002064.0,4.59,122.3077
2023-10-31,3018.7706,3572.5056,5969.3413,12851.24,4193.8,5.33,7907830.0,4.88,123.8364
2023-11-30,3029.6727,3496.2028,6080.547,14226.22,4567.8,5.33,7796145.0,4.37,120.2434
2023-12-31,2974.9348,3431.1099,5887.235,15011.35,4769.83,5.33,7712781.0,3.88,118.4208
2024-01-31,2788.5482,3215.3518,4785.032,15164.01,4845.65,5.33,7630124.0,3.99,120.4331
2024-02-29,3015.1712,3516.0826,5344.6052,16091.92,5096.27,5.33,7567807.0,4.25,121.1824
2024-03-31,3041.1669,3537.4843,5441.2603,16379.46,5254.35,5.33,7484739.0,4.2,121.0191
2024-04-30,3104.8245,3604.3943,5497.4303,15657.82,5035.69,5.33,7402434.0,4.69,122.9853
2024-05-31,3086.8134,3579.9247,5355.2099,16735.02,5277.51,5.33,7284319.0,4.51,122.098
2024-06-30,2967.4028,3461.657,4895.9869,17732.6,5460.48,5.33,7231163.0,4.36,124.2103
2024-07-31,2938.7493,3442.0844,4889.0807,17599.4,5522.3,5.33,7178391.0,4.09,123.6373
2024-08-31,2842.2142,3321.4323,4629.3195,17713.63,5648.4,5.33,7123238.0,3.91,122.3262
2024-09-30,3336.4974,4017.8545,5708.8258,18189.17,5762.48,5.13,7080059.0,3.81,121.2864
2024-10-31,3279.8244,3891.0396,6116.6632,18095.15,5705.45,4.83,7013490.0,4.28,124.7988
2024-11-30,3326.4557,3916.5832,6189.1276,19218.17,6032.38,4.64,6905140.0,4.18,126.5798
2024-12-31,3351.763,3934.9109,5957.7172,19310.79,5881.63,4.48,6885963.0,4.58,129.2775
2025-01-31,3250.6007,3817.0802,5846.0686,19627.44,6040.53,4.33,6818186.0,4.58,128.4828
2025-02-28,3320.8973,3890.0487,6270.4186,18847.28,5954.5,4.33,6766101.0,4.24,128.2805
2025-03-31,3335.7462,3887.3056,6226.6488,17299.29,5611.85,4.33,6740253.0,4.23,126.7075
2025-04-30,3279.0314,3770.5705,5950.1169,17446.34,5569.06,4.33,6709277.0,4.17,122.5921
2025-05-31,3347.4873,3840.2323,6026.5603,19113.77,5911.69,4.33,6673244.0,4.41,121.7674
2025-06-30,3444.4256,3936.0791,6356.1813,20369.73,6204.95,4.33,6662200.0,4.24,119.4088
2025-07-31,3573.2082,4075.5912,6661.1862,21122.45,6339.39,4.33,6642578.0,4.37,121.721
2025-08-31,3857.9274,4496.7591,7438.6767,21455.55,6460.26,4.33,6603384.0,4.23,120.2082
2025-09-30,3882.7774,4640.6935,7574.9631,22660.01,6688.46,4.22,6608395.0,4.16,120.1368
2025-10-31,3954.79,4640.6676,7506.6746,23724.96,6840.2,4.09,6587034.0,4.11,121.3859
2025-11-30,3888.5962,4526.6616,7334.2097,23365.69,6849.09,3.88,6552419.0,4.02,121.0527
2025-12-31,3968.8401,4629.9395,7595.2845,23241.99,6845.5,3.72,6640618.0,4.18,119.7456
2026-01-31,4117.9476,4706.3401,8254.8603,23461.82,6939.0295,3.64,6587568.0,4.26,117.8996
2026-02-28,4162.8815,4710.6469,8560.8433,22668.21,6878.88,3.64,6613797.0,3.97,117.8223
2026-03-31,3891.8605,4450.0493,7619.8503,21590.63,6528.52,3.64,6657161.0,4.3,121.035
2026-04-30,4112.1593,4807.3069,8381.9465,24892.31,7209.01,3.64,6699950.0,4.4,118.671
2026-05-31,4068.5691,4892.1213,8408.7357,26972.62,7580.06,3.63,6704383.0,4.45,118.8783
2026-06-30,4094.3972,4979.4328,8809.7859,26213.72,7499.36,3.63,6735645.0,4.44,120.9248
2026-07-31,3832.2624,4588.1968,7075.5065,25373.85,7489.72,3.63,6738190.0,4.75,119.7034
2026-08-31,3986.298,4625.0862,7770.4218,26370.89,7686.14,3.63,6730912.0,4.75,118.5679
2026-09-30,3888.3738,4439.1443,7570.1448,27068.72,7743.4119,,6747704.0,5.18,119.5133
